{
  "out_dir": "C:\\Users\\arren\\.openclaw\\workspace\\Physics\\notebooks\\outputs\\grqm_q2_calibration_robust_20260301_193233",
  "n_runs": 12,
  "alpha_values": [
    1e-07,
    1.2e-07,
    1.5e-07,
    1.8e-07,
    2.1544346900318822e-07,
    3e-07,
    4.6415888336127725e-07,
    7e-07,
    1e-06,
    1.5e-06,
    2e-06,
    3e-06
  ]
}