{
  "params": {
    "omega_m": 0.3,
    "omega_l": 0.7,
    "alpha_qg": 1e-06
  },
  "q2": {
    "D_star": 0.06162154768669734,
    "D_max": 0.32139125910033084,
    "D_star_alt": 5.319037518265291e-07,
    "D_max_alt": 7.20004136139929e-06,
    "replication_rel_diff": 0.999991368218216
  },
  "crossing_times": {
    "exact_vs_approx": {
      "1e-06": 0.00025,
      "1e-05": 0.0005,
      "0.0001": 0.00175,
      "0.001": 0.148,
      "0.01": 0.64225,
      "0.1": 1.977
    },
    "exact_vs_alt": {
      "1e-06": 0.00025,
      "1e-05": 0.00025,
      "0.0001": null,
      "0.001": null,
      "0.01": null,
      "0.1": null
    },
    "approx_vs_alt": {
      "1e-06": 0.00025,
      "1e-05": 0.00025,
      "0.0001": 0.00075,
      "0.001": 0.148,
      "0.01": 0.64225,
      "0.1": 1.977
    }
  }
}