{
  "params": {
    "omega_m": 0.3,
    "omega_l": 0.7,
    "alpha_qg": 2.1544346900318822e-07
  },
  "q2": {
    "D_star": 0.06982046956871373,
    "D_max": 0.4817074920336915,
    "D_star_alt": 5.914945445795751e-07,
    "D_max_alt": 7.236498033386107e-06,
    "replication_rel_diff": 0.9999915283505076
  },
  "crossing_times": {
    "exact_vs_approx": {
      "1e-06": 0.00025,
      "1e-05": 0.0005,
      "0.0001": 0.00175,
      "0.001": 0.147,
      "0.01": 0.6365000000000001,
      "0.1": 1.93225
    },
    "exact_vs_alt": {
      "1e-06": 0.00025,
      "1e-05": 0.00025,
      "0.0001": null,
      "0.001": null,
      "0.01": null,
      "0.1": null
    },
    "approx_vs_alt": {
      "1e-06": 0.00025,
      "1e-05": 0.00025,
      "0.0001": 0.00075,
      "0.001": 0.14725,
      "0.01": 0.6365000000000001,
      "0.1": 1.93225
    }
  }
}