{
  "params": {
    "omega_m": 0.3,
    "omega_l": 0.7,
    "alpha_qg": 4.6415888336127725e-07
  },
  "q2": {
    "D_star": 0.06648980728457494,
    "D_max": 0.3906670558839572,
    "D_star_alt": 5.708576760809752e-07,
    "D_max_alt": 7.2249407397501075e-06,
    "replication_rel_diff": 0.999991414358074
  },
  "crossing_times": {
    "exact_vs_approx": {
      "1e-06": 0.00025,
      "1e-05": 0.0005,
      "0.0001": 0.00175,
      "0.001": 0.14725,
      "0.01": 0.63825,
      "0.1": 1.946
    },
    "exact_vs_alt": {
      "1e-06": 0.00025,
      "1e-05": 0.00025,
      "0.0001": null,
      "0.001": null,
      "0.01": null,
      "0.1": null
    },
    "approx_vs_alt": {
      "1e-06": 0.00025,
      "1e-05": 0.00025,
      "0.0001": 0.00075,
      "0.001": 0.1475,
      "0.01": 0.63825,
      "0.1": 1.946
    }
  }
}