{
  "timestamp": "2026-03-20T22:42:43.582378",
  "config": {
    "omega_grid": [
      0.295,
      0.2975,
      0.3,
      0.3025,
      0.305,
      0.3075,
      0.31,
      0.3125,
      0.315
    ],
    "amplitude_grid": [
      3e-07,
      3.5646923109036204e-07,
      4.2356770904717955e-07,
      5.032961851958474e-07,
      5.980320138249203e-07,
      7.106000404519682e-07,
      8.443568334423105e-07,
      1.0032907706102438e-06,
      1.1921409651983008e-06,
      1.4165385773852007e-06,
      1.6831747249677917e-06,
      2e-06
    ],
    "q_models": [
      "off",
      "gaussian",
      "plateau",
      "unified_dmde_proxy"
    ],
    "t0": 0.0,
    "t1": 2.0,
    "dt_main": 0.0005,
    "dt_ref": 0.00025,
    "dt_stress": 0.001,
    "a_floor": 1e-06,
    "max_abs_state": 1000000.0,
    "refinement_gate": 1e-06,
    "correction_ratio_gate": 1.0,
    "null_gate": 1e-08
  },
  "metrics": {
    "max_refinement_l2": 0.04996701658383571,
    "max_correction_ratio": 3.8904805462331438,
    "max_null_l2": 1.3399854907626991,
    "max_solver_stress_l2": 27.443023083140588,
    "unstable_rate": 0.44814814814814813,
    "total_cases": 540,
    "failed_cases": 242,
    "envelope_width_final_a": {
      "alpha_qg": {
        "0.295": 0.039454945080083514,
        "0.2975": 0.043571138378459606,
        "0.3": 0.049457097681013806,
        "0.3025": 0.0590136682623873,
        "0.305": 0.0796704695464985,
        "0.3075": 0.0997342372343954,
        "0.31": 0.03446145197119782,
        "0.3125": 0.050615857546920495,
        "0.315": 0.0627291259403252
      },
      "bohmian_q_gaussian": {
        "0.295": 3.592435479748968e-05,
        "0.2975": 3.980633106193121e-05,
        "0.3": 4.551441108413545e-05,
        "0.3025": 5.5288665722907915e-05,
        "0.305": 7.985681062197547e-05,
        "0.3075": 0.0,
        "0.31": 0.0,
        "0.3125": 0.0,
        "0.315": 0.0003236649429833846
      },
      "relative_q_over_alpha": {
        "0.295": 0.0009105158992002511,
        "0.2975": 0.0009135940106997405,
        "0.3": 0.0009202806719005503,
        "0.3025": 0.0009368789866964689,
        "0.305": 0.0010023388976685673,
        "0.3075": 0.0,
        "0.31": 0.0,
        "0.3125": 0.0,
        "0.315": 0.005159723463886375
      }
    }
  },
  "notes": {
    "q_model_unified_mode": "unified_dmde_proxy",
    "q_model_caveat": "No exact unified DM/DE potential is currently available in this lane; using weighted gaussian+plateau proxy.",
    "claim_scope": "Internal numerical/governance diagnostics only. No observational-fit claim."
  }
}