{
  "timestamp": "2026-03-23T18:41:43.207392",
  "config": {
    "omega_grid": [
      0.305,
      0.3055,
      0.306,
      0.3065,
      0.307,
      0.3075,
      0.308,
      0.3085,
      0.309,
      0.3095,
      0.31,
      0.3105,
      0.311,
      0.3115,
      0.312,
      0.3125,
      0.313,
      0.3135,
      0.314,
      0.3145,
      0.315,
      0.3155,
      0.316,
      0.3165,
      0.317
    ],
    "amplitude_grid": [
      3e-07,
      3.5646923109036204e-07,
      4.2356770904717955e-07,
      5.032961851958474e-07,
      5.980320138249203e-07,
      7.106000404519682e-07,
      8.443568334423105e-07,
      1.0032907706102438e-06,
      1.1921409651983008e-06,
      1.4165385773852007e-06,
      1.6831747249677917e-06,
      2e-06
    ],
    "q_models": [
      "off",
      "gaussian",
      "plateau",
      "unified_dmde_proxy"
    ],
    "t0": 0.0,
    "t1": 2.0,
    "dt_main": 0.0005,
    "dt_ref": 0.00025,
    "dt_stress": 0.001,
    "a_floor": 1e-06,
    "max_abs_state": 1000000.0,
    "refinement_gate": 1e-06,
    "correction_ratio_gate": 1.0,
    "null_gate": 1e-08
  },
  "metrics": {
    "max_refinement_l2": 0.10986891932901309,
    "max_correction_ratio": 3.893514518252388,
    "max_null_l2": 1.3399854907626991,
    "max_solver_stress_l2": 32.507905922497386,
    "unstable_rate": 0.8333333333333334,
    "total_cases": 1500,
    "failed_cases": 1250,
    "envelope_width_final_a": {
      "alpha_qg": {
        "0.305": 0.0796704695464985,
        "0.3055": 0.08785756339818127,
        "0.306": 0.09999324510975191,
        "0.3065": 0.12192597496136187,
        "0.307": 0.13839297693006122,
        "0.3075": 0.0997342372343954,
        "0.308": 0.12083870982535994,
        "0.3085": 0.0774601790827119,
        "0.309": 0.05700105291125532,
        "0.3095": 0.0436607965105861,
        "0.31": 0.03446145197119782,
        "0.3105": 0.02777709451132787,
        "0.311": 0.0222859739427389,
        "0.3115": 0.02464015953147397,
        "0.312": 0.026655928119203864,
        "0.3125": 0.050615857546920495,
        "0.313": 0.03792991186721223,
        "0.3135": 0.0632849474730885,
        "0.314": 0.07496112677753691,
        "0.3145": 0.08587743187295516,
        "0.315": 0.0627291259403252,
        "0.3155": 0.0775460112771148,
        "0.316": 0.07732914136965219,
        "0.3165": 0.11728378028971415,
        "0.317": 0.13906546256901528
      },
      "bohmian_q_gaussian": {
        "0.305": 7.985681062197547e-05,
        "0.3055": 9.17627197030424e-05,
        "0.306": 0.00011362134688933101,
        "0.3065": 0.00018944823964074653,
        "0.307": 0.00037131270057951676,
        "0.3075": 0.0,
        "0.308": 0.0,
        "0.3085": 0.0,
        "0.309": 0.0,
        "0.3095": 0.0,
        "0.31": 0.0,
        "0.3105": 0.0,
        "0.311": 0.0,
        "0.3115": 0.0,
        "0.312": 0.0,
        "0.3125": 0.0,
        "0.313": 0.0,
        "0.3135": 0.0,
        "0.314": 0.0,
        "0.3145": 0.0,
        "0.315": 0.0003236649429833846,
        "0.3155": 0.0,
        "0.316": 0.0,
        "0.3165": 0.0,
        "0.317": 0.0
      },
      "relative_q_over_alpha": {
        "0.305": 0.0010023388976685673,
        "0.3055": 0.001044448720790963,
        "0.306": 0.001136290224050833,
        "0.3065": 0.0015537972093377214,
        "0.307": 0.0026830313850908926,
        "0.3075": 0.0,
        "0.308": 0.0,
        "0.3085": 0.0,
        "0.309": 0.0,
        "0.3095": 0.0,
        "0.31": 0.0,
        "0.3105": 0.0,
        "0.311": 0.0,
        "0.3115": 0.0,
        "0.312": 0.0,
        "0.3125": 0.0,
        "0.313": 0.0,
        "0.3135": 0.0,
        "0.314": 0.0,
        "0.3145": 0.0,
        "0.315": 0.005159723463886375,
        "0.3155": 0.0,
        "0.316": 0.0,
        "0.3165": 0.0,
        "0.317": 0.0
      }
    }
  },
  "notes": {
    "q_model_unified_mode": "unified_dmde_proxy",
    "q_model_caveat": "No exact unified DM/DE potential is currently available in this lane; using weighted gaussian+plateau proxy.",
    "claim_scope": "Internal numerical/governance diagnostics only. No observational-fit claim."
  }
}