{
  "metadata": {
    "seed": 42,
    "units": "dimensionless",
    "model": "FRW-inspired minisuperspace toy ODE",
    "ic": {
      "t0": 0.0,
      "t1": 3.0,
      "a0": 0.1,
      "v0": 1.5
    },
    "params": {
      "omega_m": 0.35,
      "omega_l": 0.65,
      "alpha_qg": 2.1544346900318822e-08
    }
  },
  "thresholds": {
    "q1_effect_persist_min": 0.0001,
    "q1_refinement_max": 0.005,
    "q1_assumption_sensitivity_max": 0.5,
    "q2_Dstar_min": 0.0001,
    "q2_replication_rel_diff_max": 0.5
  },
  "q1": {
    "delta_proxy_l2": 76.98924574167158,
    "delta_proxy_max_abs": 24.283041237468595,
    "delta_proxy_sign_final": 1.0,
    "baseline_refinement_error": 0.03799844028050883,
    "corrected_refinement_error": 0.8465589642049682,
    "delta_proxy_n4_l2": 0.02257315820336154,
    "assumption_sensitivity_rel": 0.9997068011514348,
    "uncertainty": {
      "stat": 0.0,
      "sys": 0.8465589642049682,
      "epi": 76.96667258346822,
      "total": 76.97132810761859
    }
  },
  "q2": {
    "D_star": 0.008073961736365487,
    "D_max": 0.038917405638767506,
    "D_star_alt": 5.544548007931647,
    "D_max_alt": 7.667344175415495,
    "replication_rel_diff": 685.7196289719913,
    "uncertainty": {
      "stat": 0.0,
      "sys": 5.5364740461952815,
      "epi": 0.0,
      "total": 5.5364740461952815
    }
  }
}