{
  "metadata": {
    "seed": 42,
    "units": "dimensionless",
    "model": "FRW-inspired minisuperspace toy ODE",
    "ic": {
      "t0": 0.0,
      "t1": 3.0,
      "a0": 0.1,
      "v0": 1.5
    },
    "params": {
      "omega_m": 0.35,
      "omega_l": 0.65,
      "alpha_qg": 1e-06
    }
  },
  "thresholds": {
    "q1_effect_persist_min": 0.0001,
    "q1_refinement_max": 0.005,
    "q1_assumption_sensitivity_max": 0.5,
    "q2_Dstar_min": 0.0001,
    "q2_replication_rel_diff_max": 0.5
  },
  "q1": {
    "delta_proxy_l2": 1.0668701342479414,
    "delta_proxy_max_abs": 0.25530436701756365,
    "delta_proxy_sign_final": 1.0,
    "baseline_refinement_error": 0.03799844028050883,
    "corrected_refinement_error": 0.45563615231864085,
    "delta_proxy_n4_l2": 16517.524318373307,
    "assumption_sensitivity_rel": 15481.225800628332,
    "uncertainty": {
      "stat": 0.0,
      "sys": 0.45563615231864085,
      "epi": 16516.45744823904,
      "total": 16516.45745452381
    }
  },
  "q2": {
    "D_star": 49.66214866548937,
    "D_max": 170.46343931556638,
    "D_star_alt": 1.8607587879726029,
    "D_max_alt": 6.531930861209033,
    "replication_rel_diff": 0.9625316495968356,
    "uncertainty": {
      "stat": 0.0,
      "sys": 47.80138987751677,
      "epi": 0.0,
      "total": 47.80138987751677
    }
  }
}