{
  "metadata": {
    "seed": 42,
    "units": "dimensionless",
    "model": "FRW-inspired minisuperspace toy ODE",
    "ic": {
      "t0": 0.0,
      "t1": 3.0,
      "a0": 0.1,
      "v0": 1.5
    },
    "params": {
      "omega_m": 0.25,
      "omega_l": 0.75,
      "alpha_qg": 2.1544346900318822e-07
    }
  },
  "thresholds": {
    "q1_effect_persist_min": 0.0001,
    "q1_refinement_max": 0.005,
    "q1_assumption_sensitivity_max": 0.5,
    "q2_Dstar_min": 0.0001,
    "q2_replication_rel_diff_max": 0.5
  },
  "q1": {
    "delta_proxy_l2": 0.0012960815624394903,
    "delta_proxy_max_abs": 0.006396272475774012,
    "delta_proxy_sign_final": 1.0,
    "baseline_refinement_error": 7.899525788136042e-08,
    "corrected_refinement_error": 7.895776371030898e-08,
    "delta_proxy_n4_l2": 0.0001715725457701219,
    "assumption_sensitivity_rel": 0.8676221074790579,
    "uncertainty": {
      "stat": 0.0,
      "sys": 7.899525788136042e-08,
      "epi": 0.0011245090166685007,
      "total": 0.0011245090194431564
    }
  },
  "q2": {
    "D_star": 0.020580925877030958,
    "D_max": 0.06701805677471118,
    "D_star_alt": 3.9835440832356e-07,
    "D_max_alt": 6.02011489629628e-06,
    "replication_rel_diff": 0.9999806444854957,
    "uncertainty": {
      "stat": 0.0,
      "sys": 0.020580527522622634,
      "epi": 0.0,
      "total": 0.020580527522622634
    }
  }
}