{
  "metadata": {
    "seed": 42,
    "units": "dimensionless",
    "model": "FRW-inspired minisuperspace toy ODE",
    "ic": {
      "t0": 0.0,
      "t1": 3.0,
      "a0": 0.1,
      "v0": 1.5
    },
    "params": {
      "omega_m": 0.25,
      "omega_l": 0.75,
      "alpha_qg": 1e-06
    }
  },
  "thresholds": {
    "q1_effect_persist_min": 0.0001,
    "q1_refinement_max": 0.005,
    "q1_assumption_sensitivity_max": 0.5,
    "q2_Dstar_min": 0.0001,
    "q2_replication_rel_diff_max": 0.5
  },
  "q1": {
    "delta_proxy_l2": 0.006003294798170183,
    "delta_proxy_max_abs": 0.029624459730489328,
    "delta_proxy_sign_final": 1.0,
    "baseline_refinement_error": 7.899525788136042e-08,
    "corrected_refinement_error": 7.882297205450835e-08,
    "delta_proxy_n4_l2": 0.0007961470337957115,
    "assumption_sensitivity_rel": 0.8673816528151764,
    "uncertainty": {
      "stat": 0.0,
      "sys": 7.899525788136042e-08,
      "epi": 0.005207147764373604,
      "total": 0.005207147764972804
    }
  },
  "q2": {
    "D_star": 0.020384872774815675,
    "D_max": 0.06638071536255197,
    "D_star_alt": 4.030056783994294e-07,
    "D_max_alt": 5.983661929956363e-06,
    "replication_rel_diff": 0.999980230159695,
    "uncertainty": {
      "stat": 0.0,
      "sys": 0.020384469769137277,
      "epi": 0.0,
      "total": 0.020384469769137277
    }
  }
}