{
  "metadata": {
    "seed": 42,
    "units": "dimensionless",
    "model": "FRW-inspired minisuperspace toy ODE",
    "ic": {
      "t0": 0.0,
      "t1": 3.0,
      "a0": 0.1,
      "v0": 1.5
    },
    "params": {
      "omega_m": 0.25,
      "omega_l": 0.75,
      "alpha_qg": 4.6415888336127725e-07
    }
  },
  "thresholds": {
    "q1_effect_persist_min": 0.0001,
    "q1_refinement_max": 0.005,
    "q1_assumption_sensitivity_max": 0.5,
    "q2_Dstar_min": 0.0001,
    "q2_replication_rel_diff_max": 0.5
  },
  "q1": {
    "delta_proxy_l2": 0.002790466280971449,
    "delta_proxy_max_abs": 0.013770846127445502,
    "delta_proxy_sign_final": 1.0,
    "baseline_refinement_error": 7.899525788136042e-08,
    "corrected_refinement_error": 7.891472959675593e-08,
    "delta_proxy_n4_l2": 0.00036960913952179464,
    "assumption_sensitivity_rel": 0.8675457424291149,
    "uncertainty": {
      "stat": 0.0,
      "sys": 7.899525788136042e-08,
      "epi": 0.0024208571414487865,
      "total": 0.002420857142737638
    }
  },
  "q2": {
    "D_star": 0.020518617830033836,
    "D_max": 0.06681543207558693,
    "D_star_alt": 3.998343664474228e-07,
    "D_max_alt": 6.008558777428896e-06,
    "replication_rel_diff": 0.999980513581823,
    "uncertainty": {
      "stat": 0.0,
      "sys": 0.020518217995667387,
      "epi": 0.0,
      "total": 0.020518217995667387
    }
  }
}