{
  "omega": [
    0.28,
    0.285,
    0.29,
    0.295,
    0.3,
    0.305,
    0.31
  ],
  "max_q1_hardened": [
    0.01848576403663669,
    0.022722480031517465,
    0.03017320121863169,
    0.046951590154802166,
    0.14830378674833755,
    9.351949972004288,
    36.78496372926411
  ],
  "log10_fit_slope": 112.97801800865423,
  "log10_fit_intercept": -33.97390251575946,
  "interpolated_omega_at_q1_hardened_0p2": 0.30002808463744207,
  "recommended_core_upper": 0.3,
  "recommended_formal_upper": 0.305
}