{
  "run_id": 3,
  "alpha_qg": 7e-07,
  "omega_m": 0.3,
  "q1_delta_proxy_l2": 0.06783513906801192,
  "q1_refinement_max_obs": 2.7957944614838807e-07,
  "q1_assumption_sensitivity_wide": 10.158908111469417,
  "q1_assumption_sensitivity_hardened": 0.13970065546696347,
  "q2_D_star": 0.06410767964420144,
  "q2_D_median": 0.02654805882612532,
  "q2_D_trimmed_mean": 0.054449434750161486,
  "q2_D_p95": 0.25824854842148437,
  "q2_D_p99": 0.330215503803594,
  "q2_D_max": 0.35329564168731664,
  "q2_spike_ratio_max_over_median": 13.307776813408045,
  "q2_spike_detected": false,
  "q2_true_replication_rel_diff": 0.0,
  "q2_method_disagreement_rel_diff": 0.9999913754687292,
  "q2_t_first_method_disagreement_1pct": 0.64,
  "pass_q1_effect": true,
  "pass_q1_refinement": true,
  "pass_q1_assumption_hardened": true,
  "pass_q2_Dstar": true,
  "pass_q2_true_replication": true,
  "pass_q2_method_disagreement": false,
  "pass_all_strict": false,
  "pass_all_envelope": true
}