{
  "run_id": 5,
  "alpha_qg": 1.5e-06,
  "omega_m": 0.3,
  "q1_delta_proxy_l2": 0.13907434324054407,
  "q1_refinement_max_obs": 2.7957944614838807e-07,
  "q1_assumption_sensitivity_wide": 5.749523091265623,
  "q1_assumption_sensitivity_hardened": 0.1274619675480957,
  "q2_D_star": 0.05829501829173954,
  "q2_D_median": 0.026044526667260093,
  "q2_D_trimmed_mean": 0.05071140025386657,
  "q2_D_p95": 0.22331656382253273,
  "q2_D_p99": 0.2716326328251337,
  "q2_D_max": 0.28551520628033544,
  "q2_spike_ratio_max_over_median": 10.962579966532406,
  "q2_spike_detected": false,
  "q2_true_replication_rel_diff": 0.0,
  "q2_method_disagreement_rel_diff": 0.9999914133012449,
  "q2_t_first_method_disagreement_1pct": 0.646,
  "pass_q1_effect": true,
  "pass_q1_refinement": true,
  "pass_q1_assumption_hardened": true,
  "pass_q2_Dstar": true,
  "pass_q2_true_replication": true,
  "pass_q2_method_disagreement": false,
  "pass_all_strict": false,
  "pass_all_envelope": true
}