{
  "run_id": 2,
  "alpha_qg": 4.6415888336127725e-07,
  "omega_m": 0.3,
  "q1_delta_proxy_l2": 0.045642962745745384,
  "q1_refinement_max_obs": 2.7957944614838807e-07,
  "q1_assumption_sensitivity_wide": 8.764107584431619,
  "q1_assumption_sensitivity_hardened": 0.14449471010551546,
  "q2_D_star": 0.06648980728457494,
  "q2_D_median": 0.0267003558034562,
  "q2_D_trimmed_mean": 0.055802777599222864,
  "q2_D_p95": 0.27284516656548163,
  "q2_D_p99": 0.35978959940067745,
  "q2_D_max": 0.3906670558839572,
  "q2_spike_ratio_max_over_median": 14.631529960112859,
  "q2_spike_detected": false,
  "q2_true_replication_rel_diff": 0.0,
  "q2_method_disagreement_rel_diff": 0.999991414358074,
  "q2_t_first_method_disagreement_1pct": 0.63825,
  "pass_q1_effect": true,
  "pass_q1_refinement": true,
  "pass_q1_assumption_hardened": true,
  "pass_q2_Dstar": true,
  "pass_q2_true_replication": true,
  "pass_q2_method_disagreement": false,
  "pass_all_strict": false,
  "pass_all_envelope": true
}