{
  "run_id": 1,
  "alpha_qg": 3e-07,
  "omega_m": 0.3,
  "q1_delta_proxy_l2": 0.029818060047019035,
  "q1_refinement_max_obs": 2.7957944614838807e-07,
  "q1_assumption_sensitivity_wide": 96.9828626585141,
  "q1_assumption_sensitivity_hardened": 0.14830378674833755,
  "q2_D_star": 0.0685278581537305,
  "q2_D_median": 0.026807440523626158,
  "q2_D_trimmed_mean": 0.05684235167402093,
  "q2_D_p95": 0.28498694701874355,
  "q2_D_p99": 0.3892032151943856,
  "q2_D_max": 0.4336828770426963,
  "q2_spike_ratio_max_over_median": 16.177705464289406,
  "q2_spike_detected": false,
  "q2_true_replication_rel_diff": 0.0,
  "q2_method_disagreement_rel_diff": 0.9999914741160205,
  "q2_t_first_method_disagreement_1pct": 0.63725,
  "pass_q1_effect": true,
  "pass_q1_refinement": true,
  "pass_q1_assumption_hardened": true,
  "pass_q2_Dstar": true,
  "pass_q2_true_replication": true,
  "pass_q2_method_disagreement": false,
  "pass_all_strict": false,
  "pass_all_envelope": true
}