{
  "n_runs": 30,
  "ratio_mean": 1.5767501876847334,
  "ratio_min": 0.014851048171831596,
  "ratio_max": 1.9976436880259338,
  "max_abs_ratio_err_from2": 1.9851489518281684
}