{
  "omega_m": 0.305,
  "n": 5,
  "pearson": 0.8551178384400144,
  "ratio_mean": 1.6355392225789331,
  "ratio_std": 0.5181733016621739,
  "ratio_min": 1.0094500097601082,
  "ratio_max": 2.234585430671003
}