omega_m,alpha_qg,q1_delta_alpha,q1_delta_2alpha,ratio_2a_over_a
0.305,3e-07,0.23937267414094066,0.528089982278648,2.2061414661211947
0.305,5e-07,0.23962901168244738,0.5354714982716907,2.234585430671003
0.305,7e-07,0.37111954409209186,0.5963993163084048,1.607027508528112
0.305,1e-06,0.5354714982716907,0.5999913682295864,1.120491697814247
0.305,1.3e-06,0.5864095055101433,0.5919510810606353,1.0094500097601082
