{
  "n_runs": 20,
  "pass_rate_envelope": 1.0,
  "pearson_primary_vs_independent": 0.9998525313895748,
  "spearman_primary_vs_independent": 1.0,
  "ratio_mean": 1.967755798000028,
  "ratio_std": 0.03141285801481608
}